Name,Age,Cabin,Survived
"Cumings, Mrs. John Bradley (Florence Briggs Thayer)",38,C85,1
"Futrelle, Mrs. Jacques Heath (Lily May Peel)",35,C123,1
"McCarthy, Mr. Timothy J",54,E46,0
"Sandstrom, Miss. Marguerite Rut",4,G6,1
"Bonnell, Miss. Elizabeth",58,C103,1
"Beesley, Mr. Lawrence",34,D56,1
"Sloper, Mr. William Thompson",28,A6,1
"Fortune, Mr. Charles Alexander",19,C23 C25 C27,0
"Spencer, Mrs. William Augustus (Marie Eugenie)",,B78,1
"Harper, Mrs. Henry Sleeper (Myna Haxtun)",49,D33,1
"Ostby, Mr. Engelhart Cornelius",65,B30,0
"Woolner, Mr. Hugh",,C52,1
"Icard, Miss. Amelie",38,B28,1
"Harris, Mr. Henry Birkhardt",45,C83,0
"Nye, Mrs. (Elizabeth Ramell)",29,F33,1
"Moen, Mr. Sigurd Hansen",25,F G73,0
"Fortune, Miss. Mabel Helen",23,C23 C25 C27,1
"Chaffee, Mr. Herbert Fuller",46,E31,0
"Goldschmidt, Mr. George B",71,A5,0
"Greenfield, Mr. William Bertram",23,D10 D12,1
"White, Mr. Richard Frasar",21,D26,0
"Porter, Mr. Walter Chamberlain",47,C110,0
"Baxter, Mr. Quigg Edmond",24,B58 B60,0
"Webber, Miss. Susan",32.5,E101,1
"White, Mr. Percival Wayland",54,D26,0
"Peter, Miss. Anna",,F E69,1
"Newsom, Miss. Helen Monypeny",19,D47,1
"Futrelle, Mr. Jacques Heath",37,C123,0
"Giglio, Mr. Victor",24,B86,0
"Navratil, Mr. Michel (""Louis M Hoffman"")",36.5,F2,0
"Pears, Mrs. Thomas (Edith Wearne)",22,C2,1
"Chibnall, Mrs. (Edith Martha Bowerman)",,E33,1
"Van der hoef, Mr. Wyckoff",61,B19,0
"Smith, Mr. James Clinch",56,A7,0
"Isham, Miss. Ann Elizabeth",50,C49,0
"Becker, Master. Richard F",1,F4,1
"Rood, Mr. Hugh Roscoe",,A32,0
"Navratil, Master. Michel M",3,F2,1
"Brown, Mrs. James Joseph (Margaret Tobin)",44,B4,1
"Lurette, Miss. Elise",58,B80,1
"Strom, Miss. Telma Matilda",2,G6,0
"Blank, Mr. Henry",40,A31,1
"Newell, Miss. Madeleine",31,D36,1
"Bazzani, Miss. Albina",32,D15,1
"Hoyt, Mr. Frederick Maxfield",38,C93,1
"Harris, Mrs. Henry Birkhardt (Irene Wallach)",35,C83,1
"Minahan, Dr. William Edward",44,C78,0
"Beckwith, Mr. Richard Leonard",37,D35,1
"Strom, Mrs. Wilhelm (Elna Matilda Persson)",29,G6,0
"Stead, Mr. William Thomas",62,C87,0
"Cherry, Miss. Gladys",30,B77,1
"Taussig, Mr. Emil",52,E67,0
"Harrison, Mr. William",40,B94,0
"Graham, Mrs. William Thompson (Edith Junkins)",58,C125,1
"Bissette, Miss. Amelia",35,C99,1
"Natsch, Mr. Charles H",37,C118,0
"Andrews, Miss. Kornelia Theodosia",63,D7,1
"Smith, Mr. Richard William",,A19,0
"Bishop, Mrs. Dickinson H (Helen Walton)",19,B49,1
"Levy, Mr. Rene Jacques",36,D,0
"Allison, Miss. Helen Loraine",2,C22 C26,0
"Saalfeld, Mr. Adolphe",,C106,1
"Baxter, Mrs. James (Helene DeLaudeniere Chaput)",50,B58 B60,1
"Keane, Miss. Nora A",,E101,1
"Allison, Master. Hudson Trevor",0.92,C22 C26,1
"Penasco y Castellana, Mrs. Victor de Satode (Maria Josefa Perez de Soto y Vallejo)",17,C65,1
"Francatelli, Miss. Laura Mabel",30,E36,1
"Hays, Miss. Margaret Bechstein",24,C54,1
"Ryerson, Miss. Emily Borie",18,B57 B59 B63 B66,1
"Wick, Miss. Mary Natalie",31,C7,1
"Spedden, Mrs. Frederic Oakley (Margaretta Corning Stone)",40,E34,1
"Young, Miss. Marie Grice",36,C32,1
"Ball, Mrs. (Ada E Hall)",36,D,1
"Hippach, Miss. Jean Gertrude",16,B18,1
"Partner, Mr. Austen",45.5,C124,0
"Graham, Mr. George Edward",38,C91,0
"Pears, Mr. Thomas Clinton",29,C2,0
"Burns, Miss. Elizabeth Margaret",41,E40,1
"Blackwell, Mr. Stephen Weart",45,T,0
"Navratil, Master. Edmond Roger",2,F2,1
"Fortune, Miss. Alice Elizabeth",24,C23 C25 C27,1
"Brown, Miss. Amelia ""Mildred""",24,F33,1
"Williams-Lambert, Mr. Fletcher Fellows",,C128,0
"Bowerman, Miss. Elsie Edith",22,E33,1
"Warren, Mrs. Frank Manley (Anna Sophia Atkinson)",60,D37,1
"Aubart, Mme. Leontine Pauline",24,B35,1
"Harder, Mr. George Achilles",25,E50,1
"Widener, Mr. Harry Elkins",27,C82,0
"Carter, Mr. William Ernest",36,B96 B98,1
"Newell, Miss. Marjorie",23,D36,1
"Sandstrom, Mrs. Hjalmar (Agnes Charlotta Bengtsson)",24,G6,1
"Minahan, Miss. Daisy E",33,C78,1
"Pickard, Mr. Berk (Berk Trembisky)",32,E10,1
"Bjornstrom-Steffansson, Mr. Mauritz Hakan",28,C52,1
"Silvey, Mr. William Baird",50,E44,0
"Carter, Miss. Lucile Polk",14,B96 B98,1
"Fortune, Mr. Mark",64,C23 C25 C27,0
"Dodge, Master. Washington",4,A34,1
"Peuchen, Major. Arthur Godfrey",52,C104,1
"Foreman, Mr. Benjamin Laventall",30,C111,0
"Goldenberg, Mr. Samuel L",49,C92,1
"Millet, Mr. Francis Davis",65,E38,0
"Kenyon, Mrs. Frederick R (Marion)",,D21,1
"Anderson, Mr. Harry",48,E12,1
"Gee, Mr. Arthur H",47,E63,0
"Jerwan, Mrs. Amin S (Marie Marthe Thuillard)",23,D,1
"Clifford, Mr. George Quincy",,A14,0
"Bishop, Mr. Dickinson H",25,B49,1
"Hoyt, Mrs. Frederick Maxfield (Jane Anne Forby)",35,C93,1
"Kent, Mr. Edward Austin",58,B37,0
"Molson, Mr. Harry Markland",55,C30,0
"Eustis, Miss. Elizabeth Mussey",54,D20,1
"Allison, Mrs. Hudson J C (Bessie Waldo Daniels)",25,C22 C26,0
"Maioni, Miss. Roberta",16,B79,1
"Penasco y Castellana, Mr. Victor de Satode",18,C65,0
"McGough, Mr. James Robert",36,E25,1
"Walker, Mr. William Anderson",47,D46,0
"Lemore, Mrs. (Amelia Milley)",34,F33,1
"Perreault, Miss. Anne",30,B73,1
"Hippach, Mrs. Louis Albert (Ida Sophia Fischer)",44,B18,1
"Farthing, Mr. John",,C95,0
"Butt, Major. Archibald Willingham",45,B38,0
"Frolicher, Miss. Hedwig Margaritha",22,B39,1
"Crosby, Miss. Harriet R",36,B22,1
"Douglas, Mr. Walter Donald",50,C86,0
"Thayer, Mr. John Borland Jr",17,C70,1
"Duff Gordon, Lady. (Lucille Christiana Sutherland) (""Mrs Morgan"")",48,A16,1
"Taussig, Mrs. Emil (Tillie Mandelbaum)",39,E67,1
"Appleton, Mrs. Edward Dale (Charlotte Lamson)",53,C101,1
"Flynn, Mr. John Irwin (""Irving"")",36,E25,1
"Silvey, Mrs. William Baird (Alice Munger)",39,E44,1
"Thayer, Mrs. John Borland (Marian Longstreth Morris)",39,C68,1
"Ross, Mr. John Hugo",36,A10,0
"Taussig, Miss. Ruth",18,E68,1
"Frolicher-Stehli, Mr. Maxmillian",60,B41,1
"Stephenson, Mrs. Walter Bertram (Martha Eustis)",52,D20,1
"Duff Gordon, Sir. Cosmo Edmund (""Mr Morgan"")",49,A20,1
"Shutes, Miss. Elizabeth W",40,C125,1
"Becker, Miss. Marion Louise",4,F4,1
"Kimball, Mr. Edwin Nelson Jr",42,D19,1
"Sutton, Mr. Frederick",61,D50,0
"Longley, Miss. Gretchen Fiske",21,D9,1
"Barkworth, Mr. Algernon Henry Wilson",80,A23,1
"Stahelin-Maeglin, Dr. Max",32,B50,1
"Sagesser, Mlle. Emma",24,B35,1
"Harper, Mr. Henry Sleeper",48,D33,1
"Simonius-Blumer, Col. Oberst Alfons",56,A26,1
"Newell, Mr. Arthur Webster",58,D48,0
"Colley, Mr. Edward Pomeroy",47,E58,0
"Taylor, Mrs. Elmer Zebley (Juliet Cummins Wright)",,C126,1
"Davidson, Mr. Thornton",31,B71,0
"Cardeza, Mr. Thomas Drake Martinez",36,B51 B53 B55,1
"Hassab, Mr. Hammad",27,D49,1
"Madill, Miss. Georgette Alexandra",15,B5,1
"Dick, Mr. Albert Adrian",31,B20,1
"Thayer, Mr. John Borland",49,C68,0
"Humblen, Mr. Adolf Mathias Nicolai Olsen",42,F G63,0
"Astor, Mrs. John Jacob (Madeleine Talmadge Force)",18,C62 C64,1
"Silverthorne, Mr. Spencer Victor",35,E24,1
"Calderhead, Mr. Edward Pennington",42,E24,1
"Mayne, Mlle. Berthe Antonine (""Mrs de Villiers"")",24,C90,1
"Klaber, Mr. Herman",,C124,0
"Taylor, Mr. Elmer Zebley",48,C126,1
"Soholt, Mr. Peter Andreas Lauritz Andersen",19,F G73,0
"Endres, Miss. Caroline Louise",38,C45,1
"Troutt, Miss. Edwina Celia ""Winnie""",27,E101,1
"Chambers, Mr. Norman Campbell",27,E8,1
"Allen, Miss. Elisabeth Walton",29,B5,1
"Lesurer, Mr. Gustave J",35,B101,1
"Hawksford, Mr. Walter James",,D45,1
"Cavendish, Mr. Tyrell William",36,C46,0
"Ryerson, Miss. Susan Parker ""Suzette""",21,B57 B59 B63 B66,1
"Crosby, Capt. Edward Gifford",70,B22,0
"Marvin, Mr. Daniel Warner",19,D30,0
"Moor, Master. Meier",6,E121,1
"Rothes, the Countess. of (Lucy Noel Martha Dyer-Edwards)",33,B77,1
"Carter, Mrs. William Ernest (Lucile Polk)",36,B96 B98,1
"Hogeboom, Mrs. John C (Anna Andrews)",51,D11,1
"Mack, Mrs. (Mary)",57,E77,0
"Tobin, Mr. Roger",,F38,0
"Robert, Mrs. Edward Scott (Elisabeth Walton McMillan)",43,B3,1
"Dick, Mrs. Albert Adrian (Vera Gillespie)",17,B20,1
"Long, Mr. Milton Clyde",29,D6,0
"Guggenheim, Mr. Benjamin",46,B82 B84,0
"Leader, Dr. Alice (Farnham)",49,D17,1
"Carter, Master. William Thornton II",11,B96 B98,1
"Andrews, Mr. Thomas Jr",39,A36,0
"Chambers, Mrs. Norman Campbell (Bertha Griggs)",33,E8,1
"Fry, Mr. Richard",,B102,0
"Hays, Mrs. Charles Melville (Clara Jennings Gregg)",52,B69,1
"Moor, Mrs. (Beila)",27,E121,1
"Stone, Mrs. George Nelson (Martha Evelyn)",62,B28,1
"Compton, Miss. Sara Rebecca",39,E49,1
"Marechal, Mr. Pierre",,C47,1
"Goldenberg, Mrs. Samuel L (Edwiga Grabowska)",,C92,1
"Lines, Miss. Mary Conover",16,D28,1
"Daly, Mr. Peter Denis ",51,E17,1
"Swift, Mrs. Frederick Joel (Margaret Welles Barron)",48,D17,1
"Roebling, Mr. Washington Augustus II",31,A24,0
"Beckwith, Mrs. Richard Leonard (Sallie Monypeny)",47,D35,1
"Carlsson, Mr. Frans Olof",33,B51 B53 B55,0
"Potter, Mrs. Thomas Jr (Lily Alexenia Wilson)",56,C50,1
"Graham, Miss. Margaret Edith",19,B42,1
"Behr, Mr. Karl Howell",26,C148,1
